{
	"bpa" : 4,
	"fobj" : 0.50533866882324219,
	"intro_every" : 0,
	"m_c" : 0.097902072425500392,
        "m_g" : 0.0036916778253413408,
	"m_i" : 0,
	"m_j" : 0,
	"mborder" : 0.5,
	"num_guiders" : 4,
	"r" : 0.014999999999999999,
	"r_c" : 0.39399549079820695,
	"r_i" : 0.050000000000000003,
	"r_j" : 0.050000000000000003,
	"ret_forward_interactions" :
	[
		-1,
		-1,
		-1,
		-1
	],
	"ret_ligand_directions" :
	[
		"+x",
		"+y",
		"-x",
		"-y"
	],
	"ret_ligand_forms" :
	[
		2,
		2,
		2,
		2
	],
	"ret_rcptrcpt_interactions" :
	[
		-1,
		-1,
		-1,
		-1
	],
	"ret_receptor_directions" :
	[
		"-x",
		"-y",
		"+x",
		"+y"
	],
	"ret_receptor_forms" :
	[
		2,
		2,
		2,
		2
	],
	"rgcside" : 20,
	"s" : 1.1000000000000001,
	"tectum_ligand_directions" :
	[
		"+y",
		"+x",
		"-y",
		"-x"
	],
	"tectum_ligand_forms" :
	[
		2,
		2,
		2,
		2
	],
	"tectum_receptor_directions" :
	[
		"x",
		"+y",
		"-x",
		"-y"
	],
	"tectum_receptor_forms" :
	[
		2,
		2,
		2,
		2
	],
	"totally_random_init" : true
}
